Colonne1;images;tag;date;Type
;SacBleu1.JPG;Perso;2312;
;SacBleu2.JPG;Perso;2312;
;Mercedes280SE.jpg;Voitures;2312;
;Mercedes280SE2.jpg;Voitures;2312;
;Schema3D.png;Projets;2312;
;SchemaVoiture.png;Projets;2312;
;Tools.png;Outils;2312;
;AutocollantJauneSature.png;Signes;2312;
;Bleu.jpg;Refs;2312;
;Plaque.jpeg;Voitures;2312;
;Panneau.MP4;Signalisation;2312;Vdo
;Fond.jpg;Visuels;2312;
;Ferrari.mp4;Voitures;2312;Vdo
;VoitureTourne.mp4;Voitures;2312;Vdo
;VoitureClignote.mp4;Voitures;2312;Vdo
;Autocollant.mp4;Signes;2312;Vdo
;EspaceVirtuel.mp4;Projets;2312;Vdo
;Techniques.jpeg;Projets;2312;
;Scotch.jpeg;Signes;2312;
;Stylo.jpeg;Perso;2312;
;Regle.jpeg;Perso;2312;
;Crayon.jpeg;Perso;2312;
;BureauSketch.jpeg;Perso;2312;
;ScotchCarre.png;Signes;2312;
;Normographe.jpeg;Perso, Signes;2312;
;ScanNormo.mov;Perso;2312;Vdo
;Autocollant.png;Signes;2312;
;AutocollantJaune.png;Signes;2312;
;Normographe.png;Perso, Signes;2312;
;PapierVoitureRecto.jpeg;Perso;2312;
;PapierVoitureRecto.jpeg;Perso;2312;
;PapierRose.jpeg;Perso;2312;
;PapierSeul.jpeg;Perso;2312;
;PapierTous.jpeg;Perso;2312;
;ScanCrayons.mov;Perso;2312;Vdo
;StyloTous.jpeg;Perso;2312;
;ScanCrayon.mov;Perso;2312;Vdo
;StyloSeul.jpeg;Perso;2312;
;StyloZoom.jpeg;Perso;2312;
;ScanVoitureDouble.mov;Voitures;2312;Vdo
;SaabHaut.jpeg;Voitures;2312;
;SaabCote.jpeg;Voitures;2312;
;SaabFace.jpeg;Voitures;2312;
;SaabArriere.jpeg;Voitures;2312;
;ScanVoitureAR.mov;Voitures;2312;Vdo
;Regle.mp4;Perso;2312;Vdo
;Bureau.jpeg;Perso;2312;
;Maison.jpeg;Projets;2312;
;Pull.jpg;Perso;2313;
;ScanPerso.mov;Perso;2313;Vdo
;BroderieLigne.png;Perso;2313;
;BroderieRond.png;Perso;2313;
;Rap.png;Projets;2313;
;Panneaux.png;Projets;2313;
;Photos.png;Projets;2313;
;Planete.png;Visuels, Projets;2313;
;VoitureFil3D.png;Voitures;2313;
;VidePoche.png;Perso;2313;
;Typo2.png;Perso;2313;
;Typo.png;Perso;2313;
;PalaisFacteurCheval.jpg;Refs;2313;
;Espace3D.mp4;Projets;2313;Vdo
;Addpmp.png;Refs;2313;
;PhilippeWeisbecker2.jpg;Refs;2313;
;PhilippeWeisbecker1.jpeg;Refs;2313;
;AbsalonCellules.png;Refs;2313;
;JafaApex.jpg;Refs;2313;
;OL.png;Refs;2313;
;Thermique1.png;Refs;2313;
;Thermique2.jpg;Refs;2313;
;PhotomontageMur.png;Projets;2313;
;BilletAvion.png;Signes;2313;
;BolSachs.jpg;Refs;2313;
;ZoomFilm.png;Refs;2313;
;Gaillarde2.jpg;Fleurs;2314;
;Gaillarde.jpg;Fleurs;2314;
;Calendula.jpg;Fleurs;2314;
;NuageIridescent.jpg;Fumee;2314;
;Fumee3.jpg;Fumee;2314;
;Fumee2.jpg;Fumee;2314;
;Fumee1.jpg;Fumee;2314;
;SchemaMur.png;Projets;2314;
;PosterVoiture.jpg;Voitures;2314;
;Poster.jpg;Voitures;2314;
;Schema3D2.png;Projets;2314;
;VoitureIndesign2.png;Voitures;2314;
;VoitureIndesign3.png;Voitures;2314;
;SLC1.png;Voitures;2314;
;VoitureIllus.mov;Voitures;2314;Vdo
;Tablette.png;Projets;2314;
;ScanHabit.png;Projets;2314;
;M.jpeg;Perso;2314;
;R.jpeg;Perso;2314;
;ScanOrdiNB.jpeg;Visuels;2314;
;ScanOrdiCouleur.png;Visuels;2314;
;ScanFleur.mov;Fleurs;2314;Vdo
;ScanFleur.jpeg;Fleurs;2314;
;ScanFleurSature.jpeg;Fleurs;2314;
;FLeurBleue.jpeg;Fleurs;2314;
;ScanFleurCarre.jpeg;Fleurs;2314;
;SLC2.png;Voitures;2315;
;SLC3.png;Voitures;2315;
;SLC4.png;Voitures;2315;
;SLC5.png;Voitures;2315;
;ScanVoit2.png;Voitures;2315;
;SLC6.png;Voitures;2315;
;Nasa.jpeg;Ciel;2315;
;Archive.jpeg;Archive;2315;
;Archive1.jpeg;Archive;2315;
;Archive2.jpeg;Archive;2315;
;Panneau.jpeg;Signalisation;2315;
;ScanArchive1.mov;Archive;2315;Vdo
;ScanArchive2.mov;Archive;2315;Vdo
;ScanArchive3.mov;Archive;2315;Vdo
;Boucle1.jpeg;Contenant;2315;
;ContenantHaut.jpeg;Contenant;2315;
;ContenantBas.jpeg;Contenant;2315;
;Boucle2.jpeg;Contenant;2315;
;Boucle3.jpeg;Contenant;2315;
;Boucle4.jpeg;Contenant;2315;
;Boucle5.jpeg;Contenant;2315;
;Boucle6.jpeg;Contenant;2315;
;Boucle7.jpeg;Contenant;2315;
;Boucle8.jpeg;Contenant;2315;
;Boucle9.jpeg;Contenant;2315;
;Boucle10.jpeg;Contenant;2315;
;ContenantPart1.jpeg;Contenant;2315;
;ContenantPart2.jpeg;Contenant;2315;
;ContenantPart3.jpeg;Contenant;2315;
;ContenantPart4.jpeg;Contenant;2315;
;ContenantPart5.jpeg;Contenant;2315;
;ContenantPart6.jpeg;Contenant;2315;
;ContenantPart7.jpeg;Contenant;2315;
;ContenantPart8.jpeg;Contenant;2315;
;ContenantPart9.jpeg;Contenant;2315;
;VoitureEclateOriginal.jpeg;Voitures;2315;
;VoitureEclate.jpeg;Voitures;2315;
;DessinContenant.jpeg;Contenant;2315;
;VoitureIndesign1.png;Voitures;2315;
;PassageAvion3.png;Signalisation;2315;
;FleursPM.jpeg;Fleurs;2315;
;Acetone1.jpeg;Voitures, Acetone;2315;
;Acetone2.jpeg;Voitures, Acetone;2315;
;Acetone3.jpeg;Voitures, Acetone;2315;
;Acetone4.jpeg;Voitures, Acetone;2315;
;Acetone5.jpeg;Voitures, Acetone;2315;
;Acetone6.jpeg;Voitures, Acetone;2315;
;Acetone7.jpeg;Voitures, Acetone;2315;
;Acetone8.jpeg;Voitures, Acetone;2315;
;Acetone9.jpeg;Voitures, Acetone;2315;
;Acetone10.png;Voitures, Acetone;2315;
;Acetone11.jpeg;Voitures, Acetone;2315;
;FleurPMCouleur.jpeg;Fleurs;2315;
;SLC7.jpeg;Voitures;2315;
;SLC8.jpeg;Voitures;2315;
;SLC9.jpeg;Voitures;2315;
;SLC10.jpeg;Voitures;2315;
;SLC11.jpeg;Voitures;2315;
;SLC12.jpeg;Voitures;2315;
;SLC131.jpeg;Voitures;2315;
;SLC132.jpeg;Voitures;2315;
;SLC13.png;Voitures;2315;
;SLC13Jaune.png;Voitures;2315;
;ContenantContour.png;Contenant;2315;
;ContenantFiche.png;Contenant;2315;
;ContenantAcetone.png;Contenant;2315;
;PanneauAcetone.png;Signalisation, Acetone;2315;
;ArchiveAcetone.png;Archive, Acetone;2315;
;FleurPhoto.png;Fleurs;2315;
;Regle.png;Perso;2315;
;MesureQuadri.png;Mesures;2315;
;AutocollantNoir.png;Signes;2315;
;ArchiveAcetone2.png;Archive, Acetone;2315;
;PanneauTissu1.jpeg;Signalisation, Acetone;2315;
;PanneauTissu2.jpeg;Signalisation, Acetone;2315;
;zaza.mp4;Signes;2316;Vdo
;SLC141.jpeg;Voitures;2316;
;SLC142.jpeg;Voitures;2316;
;SLC151.jpeg;Voitures;2316;
;SLC153.jpeg;Voitures;2316;
;SLC152.jpeg;Voitures;2316;
;DessinBouteilles2.JPG;Contenant;2316;
;Rateau1.jpeg;Signes;2316;
;Rateau2.jpeg;Signes;2316;
;Rateau3.jpeg;Signes;2316;
;Rateau4.jpeg;Signes;2316;
;Traits1.jpeg;Signes;2316;
;Traits2.jpeg;Signes;2316;
;Traits3.jpeg;Signes;2316;
;VisDessin.JPG;Outils;2316;
;SLC15.jpg;Voitures;2316;
;SLC14.jpg;Voitures;2316;
;SLC16.JPG;Voitures;2317;
;SLC17.JPG;Voitures;2317;
;SLC18.JPG;Voitures;2317;
;SLC19.JPG;Voitures;2317;
;SLC20.JPG;Voitures;2317;
;SLC21.JPG;Voitures;2317;
;SLC22.JPG;Voitures;2317;
;SLC.png;Voitures;2317;
;Logo.JPG;Voitures;2317;
;Roue1.JPG;Pneus;2317;
;Mercedez.JPG;Voitures;2317;
;B.png;Voitures;2317;
;RoueVague6.jpeg;Pneus;2318;
;RoueVague1.jpeg;Pneus;2318;
;RoueVague2.jpeg;Pneus;2318;
;RoueVague3.jpeg;Pneus;2318;
;RoueVague4.jpeg;Pneus;2318;
;RoueVague5.jpeg;Pneus;2318;
;Pneu3.JPG;Pneus;2318;
;Tuyaux.JPG;Tuyaux;2319;
;MesurePlein.JPG;Mesures;2319;
;MesureVide.JPG;Mesures;2319;
;Mesure50.JPG;Mesures;2319;
;Roue4.JPG;Pneus;2319;
;Hevea.JPG;Recherches, Pneus;2319;
;Arbre.jpeg;Recherches, Pneus;2319;
;CaoutchoucJaune.jpeg;Recherches, Pneus;2319;
;Pneus.jpeg;Pneus;2319;
;Vis.JPG;Outils;2319;
;Roue2.JPG;Pneus;2319;
;VideoPneu.mov;Pneus;2319;Vdo
;Moto5.jpeg;Projets;2319;
;Moto1.jpeg;Projets;2319;
;Moto2.jpeg;Projets;2319;
;Moto3.jpeg;Projets;2319;
;Moto4.jpeg;Projets;2319;
;Pneu1.png;Pneus;2319;
;Pneu2.jpg;Pneus;2319;
;Pneu4.png;Pneus;2319;
;Pneu3Sym.jpg;Pneus;2319;
;Pneu4Sym.png;Pneus;2319;
;LogoMerco.png;Voitures, Signes;2319;
;Mercedez.png;Voitures;2319;
;Fleur1.png;Fleurs;2319;
;Fleur2.png;Fleurs;2319;
;Fleur3.png;Fleurs;2319;
;Fleur4.png;Fleurs;2319;
;Fleur5.png;Fleurs;2319;
;VoitureBleue.jpg;Fleurs;2319;
;Vis.png;Outils;2319;
;VoitureNoir.png;Voitures;2319;
;VoiturePixels2.png;Voitures;2319;
;VoiturePixels.png;Voitures;2319;
;DessinBouteilles.png;Contenant;2319;
;Tuyaux.png;Tuyaux;2319;
;Mesure50.png;Mesures;2319;
;CrayonVis.png;Outils;2319;
;SchemaEspace.JPG;Projets;2320;
;ScanVoit.png;;2321;
;LogoOriginal.jpg;Voitures, Signes;2322;
;PneuBlender.png;Pneus;2322;
;TuyauSeul.png;Tuyaux;2322;
;TuyauxTous.png;Tuyaux;2322;
;Logo.mov;Voitures, Signes;2322;Vdo
;Planete.mp4;Visuels;2323;Vdo